Session Information:,,,,Device Information:,,,,Oarlock Information:,,,,Oarlock Settings:,,,,,,,,,,,as
,,,,,,,,,,,,,,,,,,,,,,,
Name:,JustGo-4342M,,,Name:,David's Speedcoach,,,Firmware:,---,,,Boat ID:,---,,,,,,,,,,
Start Time:,03/08/23 02:41pm,,,Model:,SpeedCoach GPS Pro,,,,,,,Seat Number:,---,,,,,,,,,,
Type:,Just Go,,,Serial:,2499825,,,,,,,Port Starboard:,---,,,,,,,,,,
System of Units:,Meters/Split500,,,Firmware Version:,2.22,,,,,,,Oar Length:,---,,,,,,,,,,
Speed Input:,GPS,,,Profile Version:,0.03,,,,,,,Inboard Length:,---,,,,,,,,,,
,,,,Hardware Version:,Rev 11,,,,,,,,,,,,,,,,,,
,,,,LiNK Version:,1.32,,,,,,,,,,,,,,,,,,
,,,,,,,,,,,,,,,,,,,,,,,
,,,,,,,,,,,,,,,,,,,,,,,
Session Summary:,,,,,,,,,,,,,,,,,,,,,,,
,,,,,,,,,,,,,,,,,,,,,,,
Total Intervals,Total Distance (GPS),Total Distance (IMP),Total Elapsed Time,Avg Split (GPS),Avg Speed (GPS),Avg Split (IMP),Avg Speed (IMP),Avg Stroke Rate,Total Strokes,Distance/Stroke (GPS),Distance/Stroke (IMP),Avg Heart Rate,Avg Power,Avg Catch,Avg Slip,Avg Finish,Avg Wash,Avg Force Avg,Avg Work,Avg Force Max,Avg Max Force Angle,Start GPS Lat.,Start GPS Lon.
(Interval),(Meters),(Meters),(HH:MM:SS.tenths),(/500),(M/S),(/500),(M/S),(SPM),(Strokes),(Meters),(Meters),(BPM),(Watts),(Degrees),(Degrees),(Degrees),(Degrees),(Newtons),(Joules),(Newtons),(Degrees),(Degrees),(Degrees)
1,4342.4,0,20:25.9,02:21.2,3.54,00:00.0,0,30.5,526,8.3,0,156,---,---,---,---,---,---,---,---,---,52.236077,0.1735645
,,,,,,,,,,,,,,,,,,,,,,,
,,,,,,,,,,,,,,,,,,,,,,,
Interval Summaries:,,,,,,,,,,,,,,,,,,,,,,,
,,,,,,,,,,,,,,,,,,,,,,,
Interval,Total Distance (GPS),Total Distance (IMP),Total Elapsed Time,Avg Split (GPS),Avg Speed (GPS),Avg Split (IMP),Avg Speed (IMP),Avg Stroke Rate,Total Strokes,Distance/Stroke (GPS),Distance/Stroke (IMP),Avg Heart Rate,Avg Power,Avg Catch,Avg Slip,Avg Finish,Avg Wash,Avg Force Avg,Avg Work,Avg Force Max,Avg Max Force Angle,Start GPS Lat.,Start GPS Lon.
(Interval),(Meters),(Meters),(HH:MM:SS.tenths),(/500),(M/S),(/500),(M/S),(SPM),(Strokes),(Meters),(Meters),(BPM),(Watts),(Degrees),(Degrees),(Degrees),(Degrees),(Newtons),(Joules),(Newtons),(Degrees),(Degrees),(Degrees)
1,4342.4,0,20:25.9,02:21.2,3.54,00:00.0,0,30.5,526,8.3,0,153,---,---,---,---,---,---,---,---,---,52.236077,0.1735645
,,,,,,,,,,,,,,,,,,,,,,,
,,,,,,,,,,,,,,,,,,,,,,,
,,,,,,,,,,,,,,,,,,,,,,,
Per-Stroke Data:,,,,,,,,,,,,,,,,,,,,,,,
,,,,,,,,,,,,,,,,,,,,,,,
Interval,Distance (GPS),Distance (IMP),Elapsed Time,Split (GPS),Speed (GPS),Split (IMP),Speed (IMP),Stroke Rate,Total Strokes,Distance/Stroke (GPS),Distance/Stroke (IMP),Heart Rate,Power,Catch,Slip,Finish,Wash,Force Avg,Work,Force Max,Max Force Angle,GPS Lat.,GPS Lon.
(Interval),(Meters),(Meters),(HH:MM:SS.tenths),(/500),(M/S),(/500),(M/S),(SPM),(Strokes),(Meters),(Meters),(BPM),(Watts),(Degrees),(Degrees),(Degrees),(Degrees),(Newtons),(Joules),(Newtons),(Degrees),(Degrees),(Degrees)
1,1.9,0,00:01.9,17:00.4,0.49,00:00.0,0,30.5,1,1.9,0,109,---,---,---,---,---,---,---,---,---,52.236077,0.1735645
1,6,0,00:03.6,04:49.0,1.73,00:00.0,0,42.5,2,4,0,107,---,---,---,---,---,---,---,---,---,52.2360478,0.1735299
1,10.8,0,00:05.0,03:01.1,2.76,00:00.0,0,44,3,4.8,0,109,---,---,---,---,---,---,---,---,---,52.2360133,0.1734866
1,16.5,0,00:06.3,02:24.5,3.46,00:00.0,0,43,4,5.7,0,111,---,---,---,---,---,---,---,---,---,52.2359666,0.1734497
1,22,0,00:07.6,02:02.8,4.07,00:00.0,0,44.5,5,5.5,0,116,---,---,---,---,---,---,---,---,---,52.2359228,0.1734122
1,28.7,0,00:08.9,01:51.6,4.48,00:00.0,0,44.5,6,6.7,0,119,---,---,---,---,---,---,---,---,---,52.23587,0.1733646
1,34.8,0,00:10.4,01:43.9,4.81,00:00.0,0,45,7,6.1,0,126,---,---,---,---,---,---,---,---,---,52.2358247,0.173315
1,42.6,0,00:11.8,01:37.6,5.12,00:00.0,0,44.5,8,7.8,0,130,---,---,---,---,---,---,---,---,---,52.2357685,0.173247
1,48.9,0,00:12.9,01:36.8,5.16,00:00.0,0,44,9,6.3,0,133,---,---,---,---,---,---,---,---,---,52.2357265,0.1731854
1,56,0,00:14.3,01:39.4,5.03,00:00.0,0,45,10,7.1,0,136,---,---,---,---,---,---,---,---,---,52.2356746,0.1731233
1,63.5,0,00:15.8,01:36.8,5.16,00:00.0,0,43,11,7.5,0,143,---,---,---,---,---,---,---,---,---,52.2356216,0.1730555
1,71.2,0,00:17.1,01:34.1,5.31,00:00.0,0,44,12,7.7,0,145,---,---,---,---,---,---,---,---,---,52.2355659,0.1729885
1,77.7,0,00:18.4,01:32.5,5.4,00:00.0,0,44,13,6.5,0,148,---,---,---,---,---,---,---,---,---,52.2355199,0.1729311
1,85.1,0,00:19.8,01:34.1,5.31,00:00.0,0,43,14,7.4,0,153,---,---,---,---,---,---,---,---,---,52.2354674,0.1728642
1,92.9,0,00:21.2,01:34.3,5.3,00:00.0,0,43,15,7.8,0,156,---,---,---,---,---,---,---,---,---,52.2354102,0.1727977
1,99.7,0,00:22.5,01:30.5,5.52,00:00.0,0,43,16,6.7,0,158,---,---,---,---,---,---,---,---,---,52.2353624,0.1727371
1,107.9,0,00:24.0,01:29.7,5.57,00:00.0,0,42.5,17,8.3,0,161,---,---,---,---,---,---,---,---,---,52.2353024,0.1726656
1,114.5,0,00:25.4,01:32.9,5.38,00:00.0,0,42,18,6.5,0,162,---,---,---,---,---,---,---,---,---,52.2352564,0.1726057
1,123.4,0,00:26.9,01:33.4,5.35,00:00.0,0,42,19,8.9,0,164,---,---,---,---,---,---,---,---,---,52.2351921,0.1725271
1,130,0,00:28.4,01:34.1,5.31,00:00.0,0,41,20,6.6,0,165,---,---,---,---,---,---,---,---,---,52.2351462,0.1724656
1,138.1,0,00:29.8,01:33.9,5.32,00:00.0,0,39,21,8.1,0,166,---,---,---,---,---,---,---,---,---,52.2350872,0.1723958
1,145.3,0,00:31.4,01:33.9,5.32,00:00.0,0,40.5,22,7.2,0,167,---,---,---,---,---,---,---,---,---,52.2350349,0.1723332
1,153.1,0,00:32.8,01:35.4,5.24,00:00.0,0,39,23,7.7,0,167,---,---,---,---,---,---,---,---,---,52.2349795,0.1722652
1,160,0,00:34.4,01:38.0,5.1,00:00.0,0,40.5,24,7,0,168,---,---,---,---,---,---,---,---,---,52.2349281,0.1722066
1,168.2,0,00:35.9,01:41.6,4.92,00:00.0,0,38.5,25,8.2,0,169,---,---,---,---,---,---,---,---,---,52.2348684,0.1721372
1,174.2,0,00:37.4,01:42.0,4.9,00:00.0,0,39.5,26,6.1,0,169,---,---,---,---,---,---,---,---,---,52.2348248,0.1720842
1,182.6,0,00:39.0,01:41.0,4.95,00:00.0,0,40,27,8.3,0,170,---,---,---,---,---,---,---,---,---,52.2347664,0.1720076
1,188.5,0,00:40.4,01:42.0,4.9,00:00.0,0,39,28,5.9,0,170,---,---,---,---,---,---,---,---,---,52.2347229,0.1719567
1,196.9,0,00:42.0,01:42.4,4.88,00:00.0,0,40.5,29,8.4,0,171,---,---,---,---,---,---,---,---,---,52.2346573,0.1718968
1,203,0,00:43.4,01:41.6,4.92,00:00.0,0,38.5,30,6.1,0,171,---,---,---,---,---,---,---,---,---,52.2346082,0.1718566
1,211.2,0,00:45.0,01:42.0,4.9,00:00.0,0,39.5,31,8.2,0,171,---,---,---,---,---,---,---,---,---,52.2345424,0.1718035
1,217.2,0,00:46.4,01:42.4,4.88,00:00.0,0,40,32,6,0,172,---,---,---,---,---,---,---,---,---,52.2344925,0.1717705
1,225.6,0,00:48.0,01:41.6,4.92,00:00.0,0,38.5,33,8.4,0,172,---,---,---,---,---,---,---,---,---,52.2344224,0.171725
1,231.5,0,00:49.4,01:41.0,4.95,00:00.0,0,38.5,34,6,0,173,---,---,---,---,---,---,---,---,---,52.2343728,0.1716912
1,240.8,0,00:51.2,01:42.6,4.87,00:00.0,0,38.5,35,9.3,0,173,---,---,---,---,---,---,---,---,---,52.2342939,0.1716475
1,246.8,0,00:52.5,01:44.1,4.8,00:00.0,0,39,36,5.9,0,174,---,---,---,---,---,---,---,---,---,52.234242,0.171627
1,255.2,0,00:54.2,01:45.0,4.76,00:00.0,0,40.5,37,8.4,0,174,---,---,---,---,---,---,---,---,---,52.2341686,0.1715985
1,261.9,0,00:55.6,01:43.3,4.84,00:00.0,0,38.5,38,6.7,0,175,---,---,---,---,---,---,---,---,---,52.2341084,0.1715869
1,269.4,0,00:57.2,01:44.1,4.8,00:00.0,0,38.5,39,7.5,0,175,---,---,---,---,---,---,---,---,---,52.234042,0.1715713
1,276,0,00:58.6,01:44.8,4.77,00:00.0,0,38.5,40,6.7,0,175,---,---,---,---,---,---,---,---,---,52.2339827,0.1715563
1,284.4,0,01:00.4,01:44.1,4.8,00:00.0,0,38.5,41,8.4,0,175,---,---,---,---,---,---,---,---,---,52.2339084,0.171534
1,291.1,0,01:01.8,01:45.7,4.73,00:00.0,0,38.5,42,6.6,0,176,---,---,---,---,---,---,---,---,---,52.2338491,0.1715234
1,298.8,0,01:03.4,01:45.4,4.74,00:00.0,0,37,43,7.7,0,176,---,---,---,---,---,---,---,---,---,52.2337804,0.1715148
1,306.2,0,01:05.0,01:45.4,4.74,00:00.0,0,38.5,44,7.5,0,176,---,---,---,---,---,---,---,---,---,52.2337139,0.1715017
1,313.5,0,01:06.6,01:47.7,4.64,00:00.0,0,38.5,45,7.3,0,176,---,---,---,---,---,---,---,---,---,52.2336491,0.1714867
1,321,0,01:08.2,01:48.2,4.62,00:00.0,0,38.5,46,7.5,0,176,---,---,---,---,---,---,---,---,---,52.2335825,0.1714722
1,327.6,0,01:09.6,01:46.1,4.71,00:00.0,0,37.5,47,6.7,0,176,---,---,---,---,---,---,---,---,---,52.233523,0.1714611
1,334.9,0,01:11.2,01:47.7,4.64,00:00.0,0,38.5,48,7.3,0,177,---,---,---,---,---,---,---,---,---,52.2334579,0.1714496
1,342.2,0,01:12.8,01:49.6,4.56,00:00.0,0,38.5,49,7.3,0,177,---,---,---,---,---,---,---,---,---,52.2333927,0.1714376
1,349.5,0,01:14.4,01:50.1,4.54,00:00.0,0,37,50,7.3,0,177,---,---,---,---,---,---,---,---,---,52.233328,0.1714252
1,356.9,0,01:16.0,01:49.6,4.56,00:00.0,0,38.5,51,7.4,0,177,---,---,---,---,---,---,---,---,---,52.2332617,0.1714125
1,364.1,0,01:17.6,01:47.0,4.67,00:00.0,0,37,52,7.2,0,177,---,---,---,---,---,---,---,---,---,52.2331975,0.1713973
1,371.4,0,01:19.4,01:48.9,4.59,00:00.0,0,37,53,7.3,0,177,---,---,---,---,---,---,---,---,---,52.2331323,0.1713855
1,378.4,0,01:20.8,01:51.1,4.5,00:00.0,0,38.5,54,7,0,177,---,---,---,---,---,---,---,---,---,52.2330703,0.1713718
1,384.8,0,01:22.4,01:51.1,4.5,00:00.0,0,37,55,6.4,0,177,---,---,---,---,---,---,---,---,---,52.2330137,0.1713575
1,392.7,0,01:24.0,01:48.4,4.61,00:00.0,0,37,56,8,0,177,---,---,---,---,---,---,---,---,---,52.2329431,0.1713399
1,399.2,0,01:25.5,01:50.1,4.54,00:00.0,0,37,57,6.5,0,177,---,---,---,---,---,---,---,---,---,52.2328852,0.1713321
1,407.2,0,01:27.2,01:49.8,4.55,00:00.0,0,38.5,58,8,0,177,---,---,---,---,---,---,---,---,---,52.2328137,0.1713167
1,414.5,0,01:28.8,01:48.9,4.59,00:00.0,0,37,59,7.2,0,177,---,---,---,---,---,---,---,---,---,52.2327494,0.1713013
1,421.6,0,01:30.4,01:50.1,4.54,00:00.0,0,38.5,60,7.1,0,177,---,---,---,---,---,---,---,---,---,52.232686,0.1712862
1,428.8,0,01:32.0,01:49.8,4.55,00:00.0,0,37,61,7.2,0,177,---,---,---,---,---,---,---,---,---,52.2326214,0.1712738
1,436.1,0,01:33.6,01:50.6,4.52,00:00.0,0,37,62,7.2,0,178,---,---,---,---,---,---,---,---,---,52.2325571,0.1712596
1,443.4,0,01:35.2,01:51.1,4.5,00:00.0,0,37,63,7.3,0,177,---,---,---,---,---,---,---,---,---,52.2324915,0.1712517
1,451.9,0,01:37.0,01:48.4,4.61,00:00.0,0,35,64,8.5,0,177,---,---,---,---,---,---,---,---,---,52.2324159,0.171231
1,459.3,0,01:38.5,01:44.8,4.77,00:00.0,0,37,65,7.4,0,177,---,---,---,---,---,---,---,---,---,52.2323503,0.1712119
1,466.4,0,01:40.4,01:42.4,4.88,00:00.0,0,37,66,7.1,0,177,---,---,---,---,---,---,---,---,---,52.2322875,0.1711976
1,473.1,0,01:41.8,01:45.2,4.75,00:00.0,0,37,67,6.8,0,177,---,---,---,---,---,---,---,---,---,52.2322309,0.1711599
1,479.4,0,01:43.4,01:52.8,4.43,00:00.0,0,37,68,6.3,0,177,---,---,---,---,---,---,---,---,---,52.232175,0.1711477
1,486.9,0,01:45.0,01:54.4,4.37,00:00.0,0,37,69,7.5,0,177,---,---,---,---,---,---,---,---,---,52.23211,0.1711179
1,494,0,01:46.6,01:54.4,4.37,00:00.0,0,37,70,7.1,0,177,---,---,---,---,---,---,---,---,---,52.2320468,0.1711025
1,501.8,0,01:48.4,01:52.6,4.44,00:00.0,0,37,71,7.7,0,177,---,---,---,---,---,---,---,---,---,52.2319781,0.1710856
1,508.6,0,01:50.0,01:51.8,4.47,00:00.0,0,35.5,72,6.9,0,177,---,---,---,---,---,---,---,---,---,52.2319171,0.1710697
1,515.6,0,01:51.6,01:53.6,4.4,00:00.0,0,36.5,73,7,0,177,---,---,---,---,---,---,---,---,---,52.2318556,0.1710522
1,522.6,0,01:53.2,01:54.6,4.36,00:00.0,0,36.5,74,7,0,177,---,---,---,---,---,---,---,---,---,52.2317937,0.1710316
1,530.2,0,01:55.0,01:55.4,4.33,00:00.0,0,37,75,7.6,0,177,---,---,---,---,---,---,---,---,---,52.2317267,0.1710089
1,537.1,0,01:56.6,01:54.6,4.36,00:00.0,0,37,76,6.9,0,177,---,---,---,---,---,---,---,---,---,52.2316662,0.1709859
1,544,0,01:58.4,01:52.8,4.43,00:00.0,0,35,77,6.9,0,177,---,---,---,---,---,---,---,---,---,52.2316057,0.1709649
1,551.2,0,01:59.8,01:52.1,4.46,00:00.0,0,36.5,78,7.1,0,177,---,---,---,---,---,---,---,---,---,52.2315439,0.1709379
1,557.3,0,02:01.5,01:51.8,4.47,00:00.0,0,37,79,6.1,0,176,---,---,---,---,---,---,---,---,---,52.2314905,0.1709164
1,565.8,0,02:03.2,01:51.1,4.5,00:00.0,0,37,80,8.5,0,176,---,---,---,---,---,---,---,---,---,52.2314164,0.1708877
1,572.9,0,02:04.8,01:51.3,4.49,00:00.0,0,35,81,7.2,0,176,---,---,---,---,---,---,---,---,---,52.2313538,0.1708619
1,580.1,0,02:06.4,01:50.3,4.53,00:00.0,0,36.5,82,7.1,0,176,---,---,---,---,---,---,---,---,---,52.2312917,0.1708358
1,587.9,0,02:08.2,01:51.6,4.48,00:00.0,0,37,83,7.8,0,176,---,---,---,---,---,---,---,---,---,52.2312234,0.1708094
1,595.4,0,02:09.8,01:52.8,4.43,00:00.0,0,35,84,7.5,0,176,---,---,---,---,---,---,---,---,---,52.2311577,0.1707869
1,602.6,0,02:11.4,01:51.1,4.5,00:00.0,0,37,85,7.3,0,175,---,---,---,---,---,---,---,---,---,52.2310942,0.1707621
1,609.8,0,02:13.0,01:50.3,4.53,00:00.0,0,37,86,7.2,0,176,---,---,---,---,---,---,---,---,---,52.2310308,0.1707417
1,616.8,0,02:14.6,01:50.1,4.54,00:00.0,0,37,87,7,0,175,---,---,---,---,---,---,---,---,---,52.2309684,0.1707287
1,624.2,0,02:16.4,01:51.8,4.47,00:00.0,0,37,88,7.3,0,175,---,---,---,---,---,---,---,---,---,52.2309038,0.1707081
1,632.2,0,02:18.0,01:50.1,4.54,00:00.0,0,37,89,8.1,0,176,---,---,---,---,---,---,---,---,---,52.2308339,0.1706781
1,637.7,0,02:19.4,01:48.6,4.6,00:00.0,0,37,90,5.5,0,176,---,---,---,---,---,---,---,---,---,52.2307861,0.1706594
1,646.1,0,02:21.2,01:49.6,4.56,00:00.0,0,35.5,91,8.4,0,175,---,---,---,---,---,---,---,---,---,52.2307121,0.1706329
1,653.3,0,02:22.8,01:51.8,4.47,00:00.0,0,36.5,92,7.2,0,175,---,---,---,---,---,---,---,---,---,52.2306487,0.1706131
1,661.4,0,02:24.6,01:51.3,4.49,00:00.0,0,37,93,8.1,0,175,---,---,---,---,---,---,---,---,---,52.2305776,0.1705895
1,668.5,0,02:26.2,01:51.1,4.5,00:00.0,0,35.5,94,7.2,0,175,---,---,---,---,---,---,---,---,---,52.2305144,0.1705683
1,675.8,0,02:27.8,01:51.6,4.48,00:00.0,0,36,95,7.3,0,176,---,---,---,---,---,---,---,---,---,52.2304504,0.1705468
1,683,0,02:29.4,01:51.3,4.49,00:00.0,0,37,96,7.1,0,175,---,---,---,---,---,---,---,---,---,52.2303882,0.1705221
1,689.9,0,02:31.0,01:52.8,4.43,00:00.0,0,37,97,6.9,0,175,---,---,---,---,---,---,---,---,---,52.2303276,0.1704989
1,697.5,0,02:32.8,01:54.4,4.37,00:00.0,0,37,98,7.6,0,175,---,---,---,---,---,---,---,---,---,52.2302605,0.1704757
1,703.8,0,02:34.5,01:55.2,4.34,00:00.0,0,35,99,6.3,0,175,---,---,---,---,---,---,---,---,---,52.2302054,0.1704556
1,712.1,0,02:36.0,01:49.6,4.56,00:00.0,0,37,100,8.3,0,175,---,---,---,---,---,---,---,---,---,52.2301329,0.1704303
1,719.1,0,02:37.6,01:47.2,4.66,00:00.0,0,37,101,7.1,0,175,---,---,---,---,---,---,---,---,---,52.2300696,0.1704193
1,727.2,0,02:39.4,01:48.6,4.6,00:00.0,0,35,102,8,0,175,---,---,---,---,---,---,---,---,---,52.2299981,0.1704024
1,734.5,0,02:41.0,01:49.6,4.56,00:00.0,0,36.5,103,7.4,0,174,---,---,---,---,---,---,---,---,---,52.2299332,0.1703826
1,741.8,0,02:42.6,01:49.6,4.56,00:00.0,0,37,104,7.2,0,175,---,---,---,---,---,---,---,---,---,52.2298691,0.1703649
1,749,0,02:44.2,01:49.6,4.56,00:00.0,0,35.5,105,7.2,0,175,---,---,---,---,---,---,---,---,---,52.229805,0.1703479
1,756.1,0,02:45.8,01:51.1,4.5,00:00.0,0,37,106,7.1,0,175,---,---,---,---,---,---,---,---,---,52.2297421,0.1703345
1,763.8,0,02:47.6,01:52.1,4.46,00:00.0,0,36.5,107,7.7,0,174,---,---,---,---,---,---,---,---,---,52.229673,0.1703232
1,770.9,0,02:49.4,01:52.1,4.46,00:00.0,0,37,108,7.1,0,175,---,---,---,---,---,---,---,---,---,52.2296096,0.1703128
1,777.7,0,02:50.8,01:51.3,4.49,00:00.0,0,37,109,6.8,0,175,---,---,---,---,---,---,---,---,---,52.2295491,0.1702975
1,783.8,0,02:52.4,01:54.1,4.38,00:00.0,0,35,110,6.1,0,174,---,---,---,---,---,---,---,---,---,52.2294945,0.1702934
1,792.1,0,02:54.2,01:55.4,4.33,00:00.0,0,37,111,8.4,0,174,---,---,---,---,---,---,---,---,---,52.2294197,0.1702843
1,798.7,0,02:55.8,01:54.4,4.37,00:00.0,0,35,112,6.5,0,175,---,---,---,---,---,---,---,---,---,52.2293612,0.1702784
1,806.1,0,02:57.6,01:56.8,4.28,00:00.0,0,35,113,7.5,0,175,---,---,---,---,---,---,---,---,---,52.2292941,0.1702698
1,813.2,0,02:59.2,01:58.7,4.21,00:00.0,0,35,114,7,0,175,---,---,---,---,---,---,---,---,---,52.2292315,0.1702551
1,820.6,0,03:01.0,01:56.8,4.28,00:00.0,0,37,115,7.4,0,175,---,---,---,---,---,---,---,---,---,52.2291653,0.1702443
1,827.5,0,03:02.6,01:57.0,4.27,00:00.0,0,35,116,6.9,0,175,---,---,---,---,---,---,---,---,---,52.2291041,0.1702326
1,834.2,0,03:04.4,01:59.0,4.2,00:00.0,0,37,117,6.8,0,175,---,---,---,---,---,---,---,---,---,52.2290436,0.1702203
1,841.8,0,03:06.0,01:56.8,4.28,00:00.0,0,33.5,118,7.5,0,175,---,---,---,---,---,---,---,---,---,52.2289769,0.1702028
1,847.8,0,03:07.6,01:55.7,4.32,00:00.0,0,36.5,119,6,0,174,---,---,---,---,---,---,---,---,---,52.2289237,0.1701894
1,856.3,0,03:09.4,01:54.9,4.35,00:00.0,0,35,120,8.6,0,173,---,---,---,---,---,---,---,---,---,52.2288481,0.1701643
1,863.3,0,03:11.0,01:53.1,4.42,00:00.0,0,35,121,7,0,174,---,---,---,---,---,---,---,---,---,52.2287867,0.1701443
1,870.8,0,03:12.8,01:52.8,4.43,00:00.0,0,35,122,7.5,0,174,---,---,---,---,---,---,---,---,---,52.2287209,0.1701199
1,877.8,0,03:14.4,01:54.9,4.35,00:00.0,0,37,123,7,0,174,---,---,---,---,---,---,---,---,---,52.2286606,0.1700925
1,885.5,0,03:16.4,01:55.4,4.33,00:00.0,0,34,124,7.7,0,174,---,---,---,---,---,---,---,---,---,52.2285957,0.1700546
1,892.3,0,03:17.8,01:54.6,4.36,00:00.0,0,35,125,6.9,0,174,---,---,---,---,---,---,---,---,---,52.2285383,0.1700168
1,898.4,0,03:19.4,01:56.8,4.28,00:00.0,0,35,126,6.1,0,174,---,---,---,---,---,---,---,---,---,52.2284879,0.1699828
1,906.5,0,03:21.2,01:56.8,4.28,00:00.0,0,35,127,8.1,0,174,---,---,---,---,---,---,---,---,---,52.2284202,0.1699383
1,914,0,03:23.0,01:57.9,4.24,00:00.0,0,35,128,7.5,0,174,---,---,---,---,---,---,---,---,---,52.228358,0.1698973
1,921.7,0,03:24.8,01:58.4,4.22,00:00.0,0,35,129,7.7,0,173,---,---,---,---,---,---,---,---,---,52.2282934,0.1698567
1,928.7,0,03:26.4,01:56.5,4.29,00:00.0,0,35,130,7,0,173,---,---,---,---,---,---,---,---,---,52.2282356,0.1698171
1,936.6,0,03:28.4,01:56.0,4.31,00:00.0,0,35,131,7.9,0,173,---,---,---,---,---,---,---,---,---,52.2281706,0.1697716
1,943.8,0,03:29.8,01:53.6,4.4,00:00.0,0,33.5,132,7.2,0,173,---,---,---,---,---,---,---,---,---,52.2281126,0.1697233
1,950.6,0,03:31.5,01:54.1,4.38,00:00.0,0,35,133,6.8,0,173,---,---,---,---,---,---,---,---,---,52.2280595,0.1696739
1,958.8,0,03:33.4,01:56.5,4.29,00:00.0,0,35,134,8.1,0,173,---,---,---,---,---,---,---,---,---,52.2279957,0.1696156
1,965.8,0,03:35.0,01:58.7,4.21,00:00.0,0,33.5,135,7,0,174,---,---,---,---,---,---,---,---,---,52.2279404,0.1695668
1,973.2,0,03:36.8,01:57.9,4.24,00:00.0,0,35,136,7.4,0,174,---,---,---,---,---,---,---,---,---,52.2278859,0.1695046
1,980.7,0,03:38.6,01:59.6,4.18,00:00.0,0,33.5,137,7.5,0,174,---,---,---,---,---,---,---,---,---,52.2278319,0.1694377
1,987.5,0,03:40.4,02:01.9,4.1,00:00.0,0,33.5,138,6.8,0,173,---,---,---,---,---,---,---,---,---,52.2277826,0.1693778
1,995.7,0,03:42.2,01:57.6,4.25,00:00.0,0,33.5,139,8.2,0,174,---,---,---,---,---,---,---,---,---,52.2277275,0.1692992
1,1002.5,0,03:43.8,01:58.4,4.22,00:00.0,0,35,140,6.8,0,173,---,---,---,---,---,---,---,---,---,52.227684,0.1692283
1,1010,0,03:45.6,02:00.7,4.14,00:00.0,0,33.5,141,7.4,0,173,---,---,---,---,---,---,---,---,---,52.22764,0.1691462
1,1017.6,0,03:47.4,02:00.4,4.15,00:00.0,0,35,142,7.6,0,173,---,---,---,---,---,---,---,---,---,52.2275952,0.1690619
1,1024.4,0,03:49.0,01:59.3,4.19,00:00.0,0,35,143,6.9,0,173,---,---,---,---,---,---,---,---,---,52.2275559,0.1689843
1,1032.3,0,03:50.8,01:57.6,4.25,00:00.0,0,33.5,144,7.8,0,173,---,---,---,---,---,---,---,---,---,52.2275144,0.1688916
1,1038.6,0,03:52.5,01:55.4,4.33,00:00.0,0,35,145,6.4,0,173,---,---,---,---,---,---,---,---,---,52.2274811,0.1688153
1,1047,0,03:54.2,01:52.6,4.44,00:00.0,0,35,146,8.4,0,173,---,---,---,---,---,---,---,---,---,52.2274373,0.1687155
1,1054.8,0,03:56.0,01:55.2,4.34,00:00.0,0,35,147,7.7,0,173,---,---,---,---,---,---,---,---,---,52.2274002,0.1686196
1,1062.5,0,03:57.8,01:55.7,4.32,00:00.0,0,33.5,148,7.8,0,173,---,---,---,---,---,---,---,---,---,52.2273635,0.1685221
1,1069.8,0,03:59.4,01:55.2,4.34,00:00.0,0,35,149,7.2,0,173,---,---,---,---,---,---,---,---,---,52.2273318,0.16843
1,1077.6,0,04:01.4,01:55.2,4.34,00:00.0,0,35,150,7.9,0,173,---,---,---,---,---,---,---,---,---,52.2272992,0.1683277
1,1085.4,0,04:03.0,01:52.3,4.45,00:00.0,0,35,151,7.8,0,173,---,---,---,---,---,---,---,---,---,52.227263,0.1682301
1,1092.5,0,04:04.7,01:52.8,4.43,00:00.0,0,33.5,152,7.1,0,173,---,---,---,---,---,---,---,---,---,52.2272316,0.1681393
1,1100.2,0,04:06.4,01:54.1,4.38,00:00.0,0,35,153,7.7,0,173,---,---,---,---,---,---,---,---,---,52.2271998,0.1680398
1,1107.7,0,04:08.2,01:57.0,4.27,00:00.0,0,35,154,7.5,0,173,---,---,---,---,---,---,---,---,---,52.2271694,0.1679413
1,1114.6,0,04:09.8,01:59.0,4.2,00:00.0,0,33.5,155,6.9,0,173,---,---,---,---,---,---,---,---,---,52.2271385,0.1678529
1,1122.3,0,04:11.6,01:59.3,4.19,00:00.0,0,35,156,7.7,0,173,---,---,---,---,---,---,---,---,---,52.2271049,0.1677544
1,1129.2,0,04:13.4,01:58.2,4.23,00:00.0,0,33.5,157,6.9,0,172,---,---,---,---,---,---,---,---,---,52.2270752,0.1676661
1,1136.9,0,04:15.0,01:54.6,4.36,00:00.0,0,35,158,7.7,0,173,---,---,---,---,---,---,---,---,---,52.227041,0.1675678
1,1144.5,0,04:16.8,01:54.9,4.35,00:00.0,0,33.5,159,7.7,0,173,---,---,---,---,---,---,---,---,---,52.2270062,0.1674708
1,1152.2,0,04:18.6,01:56.2,4.3,00:00.0,0,35,160,7.6,0,172,---,---,---,---,---,---,---,---,---,52.2269691,0.1673769
1,1159.9,0,04:20.4,01:57.9,4.24,00:00.0,0,33.5,161,7.7,0,172,---,---,---,---,---,---,---,---,---,52.2269281,0.1672857
1,1166.9,0,04:22.0,01:57.9,4.24,00:00.0,0,35,162,7,0,172,---,---,---,---,---,---,---,---,---,52.2268903,0.1672035
1,1174.7,0,04:23.8,01:57.9,4.24,00:00.0,0,33.5,163,7.8,0,172,---,---,---,---,---,---,---,---,---,52.2268453,0.1671163
1,1181.6,0,04:25.6,01:57.9,4.24,00:00.0,0,35,164,6.9,0,172,---,---,---,---,---,---,---,---,---,52.2268035,0.1670413
1,1190,0,04:27.4,01:55.2,4.34,00:00.0,0,33.5,165,8.4,0,172,---,---,---,---,---,---,---,---,---,52.2267504,0.1669542
1,1196.8,0,04:29.0,01:56.8,4.28,00:00.0,0,35,166,6.8,0,172,---,---,---,---,---,---,---,---,---,52.2267051,0.1668871
1,1204.2,0,04:30.8,01:59.9,4.17,00:00.0,0,33.5,167,7.4,0,172,---,---,---,---,---,---,---,---,---,52.226653,0.1668196
1,1211.4,0,04:32.6,02:00.4,4.15,00:00.0,0,33.5,168,7.3,0,172,---,---,---,---,---,---,---,---,---,52.226599,0.1667594
1,1218.1,0,04:34.4,02:01.9,4.1,00:00.0,0,35,169,6.7,0,171,---,---,---,---,---,---,---,---,---,52.2265474,0.16671
1,1226.1,0,04:36.2,02:00.7,4.14,00:00.0,0,33.5,170,8,0,172,---,---,---,---,---,---,---,---,---,52.2264825,0.1666589
1,1232.7,0,04:37.8,02:01.0,4.13,00:00.0,0,33.5,171,6.5,0,171,---,---,---,---,---,---,---,---,---,52.2264282,0.1666222
1,1239.8,0,04:39.6,02:03.4,4.05,00:00.0,0,33.5,172,7.1,0,171,---,---,---,---,---,---,---,---,---,52.2263681,0.1665863
1,1247,0,04:41.4,02:03.7,4.04,00:00.0,0,33.5,173,7.2,0,171,---,---,---,---,---,---,---,---,---,52.2263066,0.1665531
1,1254,0,04:43.4,02:04.0,4.03,00:00.0,0,33.5,174,7,0,170,---,---,---,---,---,---,---,---,---,52.2262456,0.1665271
1,1260.9,0,04:45.0,02:03.4,4.05,00:00.0,0,35,175,6.9,0,170,---,---,---,---,---,---,---,---,---,52.2261844,0.1665096
1,1267.4,0,04:46.7,02:03.4,4.05,00:00.0,0,33.5,176,6.5,0,170,---,---,---,---,---,---,---,---,---,52.2261266,0.1665004
1,1275.1,0,04:48.6,02:01.9,4.1,00:00.0,0,33.5,177,7.7,0,170,---,---,---,---,---,---,---,---,---,52.2260575,0.1665007
1,1282.3,0,04:50.4,02:02.2,4.09,00:00.0,0,33.5,178,7.3,0,170,---,---,---,---,---,---,---,---,---,52.2259925,0.1665098
1,1289.5,0,04:52.5,02:02.8,4.07,00:00.0,0,33.5,179,7.2,0,171,---,---,---,---,---,---,---,---,---,52.2259286,0.166523
1,1296.8,0,04:54.0,02:01.9,4.1,00:00.0,0,33.5,180,7.3,0,171,---,---,---,---,---,---,---,---,---,52.2258634,0.1665397
1,1303.7,0,04:55.7,02:01.9,4.1,00:00.0,0,33.5,181,6.8,0,171,---,---,---,---,---,---,---,---,---,52.2258036,0.1665619
1,1310.9,0,04:57.4,01:59.3,4.19,00:00.0,0,33.5,182,7.3,0,171,---,---,---,---,---,---,---,---,---,52.2257403,0.1665867
1,1318.2,0,04:59.2,02:01.3,4.12,00:00.0,0,33.5,183,7.2,0,171,---,---,---,---,---,---,---,---,---,52.2256769,0.1666093
1,1325.6,0,05:01.0,02:02.8,4.07,00:00.0,0,35,184,7.5,0,171,---,---,---,---,---,---,---,---,---,52.2256106,0.1666279
1,1332.4,0,05:02.6,01:58.7,4.21,00:00.0,0,35,185,6.8,0,171,---,---,---,---,---,---,---,---,---,52.2255511,0.1666511
1,1339.4,0,05:04.5,01:56.0,4.31,00:00.0,0,35,186,7,0,170,---,---,---,---,---,---,---,---,---,52.2254904,0.1666761
1,1347,0,05:06.0,01:52.8,4.43,00:00.0,0,35,187,7.5,0,171,---,---,---,---,---,---,---,---,---,52.2254247,0.1667039
1,1354.3,0,05:07.8,01:54.9,4.35,00:00.0,0,33.5,188,7.4,0,171,---,---,---,---,---,---,---,---,---,52.2253601,0.1667288
1,1361.6,0,05:09.6,02:00.4,4.15,00:00.0,0,35,189,7.3,0,171,---,---,---,---,---,---,---,---,---,52.2252963,0.1667512
1,1369,0,05:11.4,02:01.6,4.11,00:00.0,0,33.5,190,7.4,0,171,---,---,---,---,---,---,---,---,---,52.2252309,0.1667731
1,1376,0,05:13.0,02:00.4,4.15,00:00.0,0,35,191,6.9,0,172,---,---,---,---,---,---,---,---,---,52.2251704,0.1667953
1,1383.7,0,05:14.8,01:57.9,4.24,00:00.0,0,33.5,192,7.7,0,172,---,---,---,---,---,---,---,---,---,52.2251028,0.1668199
1,1390.7,0,05:16.6,01:55.2,4.34,00:00.0,0,35,193,7.1,0,172,---,---,---,---,---,---,---,---,---,52.2250406,0.1668407
1,1399,0,05:18.4,01:53.3,4.41,00:00.0,0,33.5,194,8.3,0,172,---,---,---,---,---,---,---,---,---,52.2249683,0.1668682
1,1406.5,0,05:20.2,01:55.7,4.32,00:00.0,0,35,195,7.5,0,172,---,---,---,---,---,---,---,---,---,52.2249023,0.1668907
1,1413.8,0,05:22.0,01:59.0,4.2,00:00.0,0,32,196,7.3,0,172,---,---,---,---,---,---,---,---,---,52.2248377,0.1669123
1,1420.7,0,05:23.6,02:01.9,4.1,00:00.0,0,35,197,6.8,0,172,---,---,---,---,---,---,---,---,---,52.2247777,0.1669324
1,1427.5,0,05:25.4,02:01.6,4.11,00:00.0,0,32,198,6.8,0,171,---,---,---,---,---,---,---,---,---,52.2247178,0.1669551
1,1435.4,0,05:27.2,01:57.9,4.24,00:00.0,0,33.5,199,7.9,0,172,---,---,---,---,---,---,---,---,---,52.2246484,0.1669815
1,1442.8,0,05:29.0,01:59.6,4.18,00:00.0,0,33.5,200,7.4,0,171,---,---,---,---,---,---,---,---,---,52.2245832,0.1670034
1,1450,0,05:30.8,02:01.9,4.1,00:00.0,0,33.5,201,7.2,0,172,---,---,---,---,---,---,---,---,---,52.2245203,0.1670264
1,1457.4,0,05:32.6,02:03.4,4.05,00:00.0,0,33.5,202,7.4,0,171,---,---,---,---,---,---,---,---,---,52.2244556,0.1670487
1,1464.2,0,05:34.4,02:03.1,4.06,00:00.0,0,33.5,203,6.8,0,172,---,---,---,---,---,---,---,---,---,52.2243959,0.1670678
1,1472.1,0,05:36.2,01:57.9,4.24,00:00.0,0,33.5,204,7.9,0,171,---,---,---,---,---,---,---,---,---,52.224326,0.1670902
1,1479.5,0,05:38.0,01:58.7,4.21,00:00.0,0,33.5,205,7.4,0,171,---,---,---,---,---,---,---,---,---,52.2242605,0.167111
1,1486.9,0,05:39.8,02:01.6,4.11,00:00.0,0,33.5,206,7.4,0,171,---,---,---,---,---,---,---,---,---,52.2241954,0.1671317
1,1494.3,0,05:41.6,02:01.3,4.12,00:00.0,0,32,207,7.4,0,171,---,---,---,---,---,---,---,---,---,52.2241302,0.1671507
1,1501.1,0,05:43.5,02:00.4,4.15,00:00.0,0,33.5,208,6.8,0,170,---,---,---,---,---,---,---,---,---,52.2240694,0.1671661
1,1509.1,0,05:45.2,01:57.0,4.27,00:00.0,0,33.5,209,8,0,171,---,---,---,---,---,---,---,---,---,52.2239987,0.1671836
1,1516.4,0,05:47.0,01:58.4,4.22,00:00.0,0,33.5,210,7.3,0,171,---,---,---,---,---,---,---,---,---,52.2239341,0.1672021
1,1523.9,0,05:48.8,02:01.9,4.1,00:00.0,0,33.5,211,7.5,0,171,---,---,---,---,---,---,---,---,---,52.2238679,0.1672215
1,1531.3,0,05:50.6,02:01.3,4.12,00:00.0,0,33,212,7.4,0,171,---,---,---,---,---,---,---,---,---,52.2238027,0.1672439
1,1538.1,0,05:52.4,02:01.0,4.13,00:00.0,0,33.5,213,6.8,0,171,---,---,---,---,---,---,---,---,---,52.2237426,0.1672597
1,1545.8,0,05:54.2,02:01.3,4.12,00:00.0,0,33.5,214,7.7,0,171,---,---,---,---,---,---,---,---,---,52.2236739,0.1672754
1,1553.2,0,05:56.0,02:02.5,4.08,00:00.0,0,32,215,7.4,0,171,---,---,---,---,---,---,---,---,---,52.2236076,0.1672845
1,1560.4,0,05:57.8,02:03.7,4.04,00:00.0,0,33.5,216,7.2,0,171,---,---,---,---,---,---,---,---,---,52.2235431,0.1672915
1,1567.3,0,05:59.6,02:05.3,3.99,00:00.0,0,33.5,217,6.9,0,171,---,---,---,---,---,---,---,---,---,52.223481,0.1672993
1,1573.6,0,06:01.4,02:07.5,3.92,00:00.0,0,32,218,6.3,0,171,---,---,---,---,---,---,---,---,---,52.2234243,0.1673046
1,1581.5,0,06:03.2,02:05.0,4,00:00.0,0,33.5,219,7.8,0,171,---,---,---,---,---,---,---,---,---,52.2233541,0.1673093
1,1588.6,0,06:05.0,02:04.0,4.03,00:00.0,0,33.5,220,7.1,0,171,---,---,---,---,---,---,---,---,---,52.2232902,0.1673157
1,1596.3,0,06:07.0,02:06.5,3.95,00:00.0,0,32,221,7.7,0,170,---,---,---,---,---,---,---,---,---,52.2232207,0.167317
1,1603.5,0,06:08.8,02:08.5,3.89,00:00.0,0,32,222,7.2,0,170,---,---,---,---,---,---,---,---,---,52.2231564,0.1673084
1,1609.8,0,06:10.6,02:08.5,3.89,00:00.0,0,33,223,6.3,0,170,---,---,---,---,---,---,---,---,---,52.2231,0.1672943
1,1617.2,0,06:12.4,02:07.5,3.92,00:00.0,0,32,224,7.4,0,170,---,---,---,---,---,---,---,---,---,52.2230352,0.1672701
1,1624.8,0,06:14.4,02:10.5,3.83,00:00.0,0,30.5,225,7.6,0,170,---,---,---,---,---,---,---,---,---,52.22297,0.1672369
1,1632,0,06:16.5,02:12.2,3.78,00:00.0,0,32,226,7.1,0,170,---,---,---,---,---,---,---,---,---,52.2229116,0.1671939
1,1639.6,0,06:18.2,02:08.2,3.9,00:00.0,0,32,227,7.6,0,170,---,---,---,---,---,---,---,---,---,52.2228506,0.1671431
1,1646.7,0,06:20.0,02:08.5,3.89,00:00.0,0,32,228,7.1,0,170,---,---,---,---,---,---,---,---,---,52.2227952,0.1670919
1,1654.1,0,06:22.0,02:11.2,3.81,00:00.0,0,32,229,7.5,0,170,---,---,---,---,---,---,---,---,---,52.2227407,0.167028
1,1661,0,06:23.8,02:13.3,3.75,00:00.0,0,32,230,6.9,0,170,---,---,---,---,---,---,---,---,---,52.2226914,0.1669671
1,1667.4,0,06:25.6,02:12.6,3.77,00:00.0,0,32,231,6.4,0,170,---,---,---,---,---,---,---,---,---,52.222648,0.1669049
1,1675.6,0,06:27.6,02:08.5,3.89,00:00.0,0,30.5,232,8.2,0,170,---,---,---,---,---,---,---,---,---,52.2225951,0.166822
1,1682.4,0,06:29.4,02:10.5,3.83,00:00.0,0,32,233,6.8,0,170,---,---,---,---,---,---,---,---,---,52.2225536,0.1667489
1,1689.4,0,06:31.4,02:12.6,3.77,00:00.0,0,32,234,7,0,171,---,---,---,---,---,---,---,---,---,52.2225103,0.1666736
1,1696.9,0,06:33.2,02:08.5,3.89,00:00.0,0,33,235,7.5,0,170,---,---,---,---,---,---,---,---,---,52.2224655,0.1665918
1,1703.8,0,06:35.0,02:09.5,3.86,00:00.0,0,32,236,6.9,0,170,---,---,---,---,---,---,---,---,---,52.2224263,0.1665135
1,1710.7,0,06:36.8,02:12.2,3.78,00:00.0,0,32,237,6.9,0,170,---,---,---,---,---,---,---,---,---,52.2223895,0.1664321
1,1717.9,0,06:38.6,02:12.2,3.78,00:00.0,0,33.5,238,7.2,0,170,---,---,---,---,---,---,---,---,---,52.2223494,0.1663498
1,1724.1,0,06:40.4,02:09.8,3.85,00:00.0,0,33.5,239,6.3,0,169,---,---,---,---,---,---,---,---,---,52.2223175,0.1662739
1,1731.7,0,06:42.2,02:05.0,4,00:00.0,0,35,240,7.5,0,170,---,---,---,---,---,---,---,---,---,52.2222821,0.1661801
1,1738.5,0,06:43.8,02:04.3,4.02,00:00.0,0,35,241,6.9,0,170,---,---,---,---,---,---,---,---,---,52.22225,0.1660939
1,1745.4,0,06:45.4,02:00.1,4.16,00:00.0,0,35,242,6.9,0,169,---,---,---,---,---,---,---,---,---,52.2222173,0.1660087
1,1753,0,06:47.2,01:57.3,4.26,00:00.0,0,35.5,243,7.6,0,170,---,---,---,---,---,---,---,---,---,52.2221842,0.1659117
1,1759.9,0,06:48.8,01:57.6,4.25,00:00.0,0,36.5,244,7,0,170,---,---,---,---,---,---,---,---,---,52.222156,0.1658202
1,1767.6,0,06:50.6,01:57.3,4.26,00:00.0,0,35,245,7.7,0,171,---,---,---,---,---,---,---,---,---,52.222123,0.1657213
1,1774.6,0,06:52.5,01:56.0,4.31,00:00.0,0,35,246,6.9,0,171,---,---,---,---,---,---,---,---,---,52.2220947,0.1656306
1,1782.3,0,06:54.0,01:53.8,4.39,00:00.0,0,36.5,247,7.8,0,171,---,---,---,---,---,---,---,---,---,52.2220643,0.1655282
1,1788.8,0,06:55.6,01:53.8,4.39,00:00.0,0,35,248,6.4,0,172,---,---,---,---,---,---,---,---,---,52.2220404,0.1654423
1,1796.6,0,06:57.2,01:51.8,4.47,00:00.0,0,35,249,7.8,0,172,---,---,---,---,---,---,---,---,---,52.2220127,0.1653369
1,1804.2,0,06:59.0,01:51.8,4.47,00:00.0,0,35,250,7.6,0,172,---,---,---,---,---,---,---,---,---,52.2219838,0.1652364
1,1811.8,0,07:00.8,01:54.1,4.38,00:00.0,0,35,251,7.6,0,172,---,---,---,---,---,---,---,---,---,52.2219559,0.1651338
1,1818.8,0,07:02.4,01:56.8,4.28,00:00.0,0,35,252,7,0,172,---,---,---,---,---,---,---,---,---,52.2219324,0.1650394
1,1826.5,0,07:04.4,01:57.6,4.25,00:00.0,0,33.5,253,7.8,0,173,---,---,---,---,---,---,---,---,---,52.2219048,0.1649343
1,1833.5,0,07:05.8,01:54.1,4.38,00:00.0,0,35,254,7,0,173,---,---,---,---,---,---,---,---,---,52.2218797,0.1648409
1,1840.5,0,07:07.6,01:54.4,4.37,00:00.0,0,35,255,7,0,173,---,---,---,---,---,---,---,---,---,52.2218545,0.1647466
1,1848.9,0,07:09.4,01:54.9,4.35,00:00.0,0,35,256,8.4,0,173,---,---,---,---,---,---,---,---,---,52.2218254,0.1646333
1,1856.7,0,07:11.2,01:55.7,4.32,00:00.0,0,33.5,257,7.8,0,173,---,---,---,---,---,---,---,---,---,52.2217994,0.1645274
1,1864.2,0,07:13.0,01:57.3,4.26,00:00.0,0,32,258,7.5,0,173,---,---,---,---,---,---,---,---,---,52.2217731,0.1644253
1,1871.6,0,07:14.8,01:58.2,4.23,00:00.0,0,33.5,259,7.4,0,174,---,---,---,---,---,---,---,---,---,52.2217459,0.1643262
1,1878.5,0,07:16.6,02:00.1,4.16,00:00.0,0,32,260,6.9,0,173,---,---,---,---,---,---,---,---,---,52.2217229,0.1642325
1,1886.9,0,07:18.4,01:59.0,4.2,00:00.0,0,33.5,261,8.4,0,173,---,---,---,---,---,---,---,---,---,52.221695,0.1641177
1,1894.5,0,07:20.2,01:57.3,4.26,00:00.0,0,32,262,7.5,0,173,---,---,---,---,---,---,---,---,---,52.2216667,0.1640174
1,1902.6,0,07:22.5,01:57.9,4.24,00:00.0,0,33.5,263,8.1,0,173,---,---,---,---,---,---,---,---,---,52.2216359,0.1639092
1,1909.2,0,07:23.8,02:00.1,4.16,00:00.0,0,32,264,6.6,0,173,---,---,---,---,---,---,---,---,---,52.2216107,0.1638225
1,1916.3,0,07:25.7,02:02.8,4.07,00:00.0,0,33,265,7.1,0,173,---,---,---,---,---,---,---,---,---,52.2215805,0.1637306
1,1924.2,0,07:27.6,02:03.1,4.06,00:00.0,0,32,266,7.9,0,173,---,---,---,---,---,---,---,---,---,52.2215488,0.1636264
1,1931.5,0,07:29.4,02:04.0,4.03,00:00.0,0,32,267,7.3,0,173,---,---,---,---,---,---,---,---,---,52.2215182,0.1635324
1,1938.6,0,07:31.5,02:05.9,3.97,00:00.0,0,33.5,268,7.1,0,173,---,---,---,---,---,---,---,---,---,52.2214903,0.1634385
1,1946.5,0,07:33.2,02:02.8,4.07,00:00.0,0,32,269,8,0,173,---,---,---,---,---,---,---,---,---,52.2214588,0.1633335
1,1953.9,0,07:35.0,02:02.2,4.09,00:00.0,0,32,270,7.4,0,172,---,---,---,---,---,---,---,---,---,52.2214302,0.1632362
1,1961.3,0,07:36.8,02:02.8,4.07,00:00.0,0,32,271,7.4,0,172,---,---,---,---,---,---,---,---,---,52.2214008,0.1631387
1,1969.5,0,07:38.8,02:02.2,4.09,00:00.0,0,32,272,8.2,0,172,---,---,---,---,---,---,---,---,---,52.2213684,0.1630311
1,1975.5,0,07:40.5,02:02.2,4.09,00:00.0,0,33.5,273,6,0,172,---,---,---,---,---,---,---,---,---,52.221344,0.1629519
1,1984.2,0,07:42.4,01:59.9,4.17,00:00.0,0,32,274,8.6,0,172,---,---,---,---,---,---,---,---,---,52.221309,0.1628388
1,1991.7,0,07:44.2,02:00.7,4.14,00:00.0,0,33,275,7.5,0,172,---,---,---,---,---,---,---,---,---,52.2212774,0.1627417
1,1999.1,0,07:46.0,02:01.3,4.12,00:00.0,0,33.5,276,7.4,0,172,---,---,---,---,---,---,---,---,---,52.2212462,0.1626453
1,2006.4,0,07:47.8,02:00.4,4.15,00:00.0,0,32,277,7.3,0,172,---,---,---,---,---,---,---,---,---,52.2212183,0.1625491
1,2013.2,0,07:49.6,02:01.6,4.11,00:00.0,0,33.5,278,6.8,0,172,---,---,---,---,---,---,---,---,---,52.2211893,0.1624609
1,2021.1,0,07:51.4,02:00.4,4.15,00:00.0,0,33.5,279,7.9,0,171,---,---,---,---,---,---,---,---,---,52.2211578,0.1623568
1,2028.5,0,07:53.2,02:01.0,4.13,00:00.0,0,33.5,280,7.4,0,171,---,---,---,---,---,---,---,---,---,52.2211294,0.1622586
1,2036,0,07:55.0,02:01.6,4.11,00:00.0,0,32,281,7.5,0,171,---,---,---,---,---,---,---,---,---,52.2211008,0.1621591
1,2044,0,07:57.0,02:00.7,4.14,00:00.0,0,32,282,8,0,171,---,---,---,---,---,---,---,---,---,52.2210719,0.1620512
1,2050.5,0,07:58.7,02:00.7,4.14,00:00.0,0,33.5,283,6.5,0,171,---,---,---,---,---,---,---,---,---,52.2210503,0.1619627
1,2057.6,0,08:00.4,02:02.2,4.09,00:00.0,0,33.5,284,7.1,0,171,---,---,---,---,---,---,---,---,---,52.2210294,0.1618647
1,2065.7,0,08:02.4,02:04.0,4.03,00:00.0,0,32,285,8,0,171,---,---,---,---,---,---,---,---,---,52.2210033,0.1617546
1,2073.2,0,08:04.5,02:01.9,4.1,00:00.0,0,33.5,286,7.5,0,171,---,---,---,---,---,---,---,---,---,52.2209798,0.1616512
1,2080.7,0,08:06.0,01:57.9,4.24,00:00.0,0,33.5,287,7.5,0,171,---,---,---,---,---,---,---,---,---,52.2209584,0.1615474
1,2087.4,0,08:07.7,01:58.2,4.23,00:00.0,0,33.5,288,6.8,0,170,---,---,---,---,---,---,---,---,---,52.2209391,0.1614534
1,2095.5,0,08:09.6,01:58.7,4.21,00:00.0,0,33.5,289,8.1,0,171,---,---,---,---,---,---,---,---,---,52.220918,0.1613392
1,2103.4,0,08:11.4,01:57.6,4.25,00:00.0,0,33.5,290,7.8,0,171,---,---,---,---,---,---,---,---,---,52.2208972,0.1612295
1,2110.5,0,08:13.0,01:55.7,4.32,00:00.0,0,33.5,291,7.2,0,171,---,---,---,---,---,---,---,---,---,52.2208781,0.1611293
1,2118.4,0,08:14.8,01:53.3,4.41,00:00.0,0,35,292,7.8,0,171,---,---,---,---,---,---,---,---,---,52.220859,0.1610188
1,2124.7,0,08:16.5,01:52.6,4.44,00:00.0,0,33.5,293,6.3,0,171,---,---,---,---,---,---,---,---,---,52.2208451,0.1609286
1,2133.6,0,08:18.2,01:50.1,4.54,00:00.0,0,35,294,8.9,0,171,---,---,---,---,---,---,---,---,---,52.2208216,0.1608032
1,2141.9,0,08:20.0,01:47.7,4.64,00:00.0,0,35,295,8.3,0,171,---,---,---,---,---,---,---,---,---,52.2207997,0.1606871
1,2150.1,0,08:21.8,01:47.0,4.67,00:00.0,0,35,296,8.2,0,171,---,---,---,---,---,---,---,---,---,52.2207785,0.160572
1,2157.4,0,08:23.4,01:48.9,4.59,00:00.0,0,35,297,7.3,0,171,---,---,---,---,---,---,---,---,---,52.2207614,0.1604682
1,2165.3,0,08:25.5,01:49.6,4.56,00:00.0,0,35,298,7.9,0,172,---,---,---,---,---,---,---,---,---,52.220745,0.1603563
1,2172.7,0,08:26.8,01:49.4,4.57,00:00.0,0,33.5,299,7.4,0,173,---,---,---,---,---,---,---,---,---,52.2207257,0.1602519
1,2179.9,0,08:28.6,01:50.1,4.54,00:00.0,0,35,300,7.2,0,172,---,---,---,---,---,---,---,---,---,52.2207063,0.160151
1,2188.3,0,08:30.4,01:50.8,4.51,00:00.0,0,33.5,301,8.3,0,172,---,---,---,---,---,---,---,---,---,52.2206864,0.1600333
1,2196.1,0,08:32.2,01:53.1,4.42,00:00.0,0,35,302,7.9,0,173,---,---,---,---,---,---,---,---,---,52.2206661,0.1599229
1,2203.9,0,08:34.0,01:54.1,4.38,00:00.0,0,33.5,303,7.8,0,173,---,---,---,---,---,---,---,---,---,52.2206431,0.1598153
1,2210.6,0,08:35.6,01:57.0,4.27,00:00.0,0,33.5,304,6.7,0,173,---,---,---,---,---,---,---,---,---,52.220626,0.159721
1,2217.2,0,08:37.5,02:00.7,4.14,00:00.0,0,33.5,305,6.6,0,173,---,---,---,---,---,---,---,---,---,52.2206129,0.1596263
1,2225.2,0,08:39.2,01:58.7,4.21,00:00.0,0,33,306,7.9,0,174,---,---,---,---,---,---,---,---,---,52.2205949,0.1595138
1,2232.8,0,08:41.0,01:58.7,4.21,00:00.0,0,35,307,7.6,0,174,---,---,---,---,---,---,---,---,---,52.2205761,0.1594066
1,2240.3,0,08:42.8,01:58.7,4.21,00:00.0,0,32,308,7.5,0,174,---,---,---,---,---,---,---,---,---,52.2205579,0.1593004
1,2247.8,0,08:44.6,01:59.9,4.17,00:00.0,0,33.5,309,7.6,0,173,---,---,---,---,---,---,---,---,---,52.220538,0.1591941
1,2254.8,0,08:46.5,02:00.1,4.16,00:00.0,0,33.5,310,6.9,0,173,---,---,---,---,---,---,---,---,---,52.2205209,0.1590965
1,2262.9,0,08:48.2,01:57.0,4.27,00:00.0,0,32,311,8.1,0,174,---,---,---,---,---,---,---,---,---,52.220501,0.1589815
1,2270.6,0,08:50.0,01:57.3,4.26,00:00.0,0,33.5,312,7.7,0,174,---,---,---,---,---,---,---,---,---,52.2204835,0.1588727
1,2277.9,0,08:51.8,01:58.2,4.23,00:00.0,0,33.5,313,7.3,0,174,---,---,---,---,---,---,---,---,---,52.2204693,0.1587674
1,2285.5,0,08:53.6,01:59.9,4.17,00:00.0,0,33.5,314,7.6,0,173,---,---,---,---,---,---,---,---,---,52.2204555,0.1586589
1,2292.2,0,08:55.5,02:01.0,4.13,00:00.0,0,32,315,6.6,0,173,---,---,---,---,---,---,---,---,---,52.2204401,0.1585646
1,2300.9,0,08:57.4,01:59.3,4.19,00:00.0,0,33.5,316,8.8,0,174,---,---,---,---,---,---,---,---,---,52.2204212,0.15844
1,2308,0,08:59.2,02:01.9,4.1,00:00.0,0,32,317,7.1,0,173,---,---,---,---,---,---,---,---,---,52.2204082,0.1583379
1,2315,0,09:01.0,02:06.9,3.94,00:00.0,0,30.5,318,7,0,173,---,---,---,---,---,---,---,---,---,52.2203944,0.158238
1,2322.4,0,09:03.0,02:08.5,3.89,00:00.0,0,33.5,319,7.4,0,173,---,---,---,---,---,---,---,---,---,52.2203788,0.1581325
1,2329.4,0,09:04.8,02:09.1,3.87,00:00.0,0,31,320,7,0,173,---,---,---,---,---,---,---,---,---,52.2203628,0.1580338
1,2336.5,0,09:06.6,02:07.8,3.91,00:00.0,0,32,321,7.1,0,173,---,---,---,---,---,---,---,---,---,52.2203482,0.1579321
1,2343.6,0,09:08.4,02:07.2,3.93,00:00.0,0,33.5,322,7.1,0,173,---,---,---,---,---,---,---,---,---,52.2203357,0.1578303
1,2350.6,0,09:10.5,02:07.5,3.92,00:00.0,0,32,323,7,0,172,---,---,---,---,---,---,---,---,---,52.220323,0.1577296
1,2358.3,0,09:12.2,02:05.0,4,00:00.0,0,32,324,7.7,0,172,---,---,---,---,---,---,---,---,---,52.2203074,0.1576201
1,2366,0,09:14.2,02:06.2,3.96,00:00.0,0,32,325,7.8,0,172,---,---,---,---,---,---,---,---,---,52.2202938,0.1575081
1,2373,0,09:16.0,02:07.8,3.91,00:00.0,0,32,326,6.9,0,172,---,---,---,---,---,---,---,---,---,52.2202843,0.1574074
1,2380,0,09:17.8,02:08.2,3.9,00:00.0,0,32,327,7,0,172,---,---,---,---,---,---,---,---,---,52.2202727,0.1573065
1,2387,0,09:19.7,02:08.2,3.9,00:00.0,0,32,328,7,0,172,---,---,---,---,---,---,---,---,---,52.2202596,0.157206
1,2394.4,0,09:21.6,02:07.5,3.92,00:00.0,0,32,329,7.4,0,172,---,---,---,---,---,---,---,---,---,52.2202455,0.1571003
1,2401.3,0,09:23.4,02:09.8,3.85,00:00.0,0,33.5,330,6.9,0,172,---,---,---,---,---,---,---,---,---,52.2202302,0.157002
1,2408.4,0,09:25.5,02:09.5,3.86,00:00.0,0,32,331,7.1,0,172,---,---,---,---,---,---,---,---,---,52.2202145,0.1569006
1,2415.7,0,09:27.2,02:07.5,3.92,00:00.0,0,32,332,7.3,0,172,---,---,---,---,---,---,---,---,---,52.2202091,0.1567935
1,2420.9,0,09:29.0,02:18.5,3.61,00:00.0,0,32,333,5.2,0,172,---,---,---,---,---,---,---,---,---,52.2202061,0.1567181
1,2426.1,0,09:30.8,02:46.1,3.01,00:00.0,0,33.5,334,5.3,0,172,---,---,---,---,---,---,---,---,---,52.2201917,0.1566436
1,2432,0,09:32.6,02:53.0,2.89,00:00.0,0,32,335,5.9,0,171,---,---,---,---,---,---,---,---,---,52.2201775,0.1565605
1,2437.6,0,09:34.5,02:40.7,3.11,00:00.0,0,32,336,5.6,0,171,---,---,---,---,---,---,---,---,---,52.2201927,0.1564769
1,2444,0,09:36.2,02:29.7,3.34,00:00.0,0,33.5,337,6.4,0,172,---,---,---,---,---,---,---,---,---,52.2201921,0.156381
1,2452.9,0,09:38.2,02:16.2,3.67,00:00.0,0,32,338,8.9,0,171,---,---,---,---,---,---,---,---,---,52.2201599,0.1562587
1,2460.8,0,09:40.0,02:05.3,3.99,00:00.0,0,33.5,339,7.9,0,171,---,---,---,---,---,---,---,---,---,52.2201309,0.1561529
1,2468.9,0,09:41.8,02:03.1,4.06,00:00.0,0,33.5,340,8.1,0,171,---,---,---,---,---,---,---,---,---,52.2200989,0.1560461
1,2476.3,0,09:43.6,02:03.7,4.04,00:00.0,0,32,341,7.4,0,171,---,---,---,---,---,---,---,---,---,52.2200696,0.1559485
1,2484.9,0,09:45.4,02:01.6,4.11,00:00.0,0,33.5,342,8.5,0,171,---,---,---,---,---,---,---,---,---,52.2200369,0.1558357
1,2492.6,0,09:47.2,02:03.1,4.06,00:00.0,0,32,343,7.8,0,171,---,---,---,---,---,---,---,---,---,52.2200064,0.1557334
1,2500.2,0,09:49.0,02:03.4,4.05,00:00.0,0,32,344,7.6,0,171,---,---,---,---,---,---,---,---,---,52.2199787,0.155632
1,2508.5,0,09:51.0,02:01.9,4.1,00:00.0,0,33.5,345,8.3,0,171,---,---,---,---,---,---,---,---,---,52.2199475,0.155521
1,2516.3,0,09:52.8,02:02.2,4.09,00:00.0,0,32,346,7.8,0,171,---,---,---,---,---,---,---,---,---,52.219918,0.155418
1,2524,0,09:54.6,02:01.0,4.13,00:00.0,0,32,347,7.7,0,172,---,---,---,---,---,---,---,---,---,52.2198883,0.1553158
1,2531.5,0,09:56.4,02:03.1,4.06,00:00.0,0,33.5,348,7.5,0,171,---,---,---,---,---,---,---,---,---,52.219861,0.1552157
1,2539.1,0,09:58.5,02:05.3,3.99,00:00.0,0,32,349,7.7,0,171,---,---,---,---,---,---,---,---,---,52.2198315,0.1551143
1,2547.2,0,10:00.2,02:02.5,4.08,00:00.0,0,32,350,8.1,0,172,---,---,---,---,---,---,---,---,---,52.2197989,0.1550081
1,2554.5,0,10:02.0,02:04.6,4.01,00:00.0,0,32,351,7.3,0,171,---,---,---,---,---,---,---,---,---,52.219768,0.1549132
1,2562.5,0,10:04.0,02:07.2,3.93,00:00.0,0,32,352,8,0,171,---,---,---,---,---,---,---,---,---,52.2197329,0.154811
1,2569.7,0,10:05.8,02:06.2,3.96,00:00.0,0,32,353,7.2,0,171,---,---,---,---,---,---,---,---,---,52.2197018,0.1547183
1,2576.3,0,10:07.6,02:07.2,3.93,00:00.0,0,32,354,6.6,0,171,---,---,---,---,---,---,---,---,---,52.2196739,0.154633
1,2584.9,0,10:09.6,02:05.6,3.98,00:00.0,0,32,355,8.6,0,171,---,---,---,---,---,---,---,---,---,52.2196358,0.1545234
1,2592.4,0,10:11.4,02:06.5,3.95,00:00.0,0,32,356,7.4,0,171,---,---,---,---,---,---,---,---,---,52.2196006,0.1544307
1,2599.5,0,10:13.5,02:07.5,3.92,00:00.0,0,32,357,7.2,0,171,---,---,---,---,---,---,---,---,---,52.2195644,0.1543438
1,2607.4,0,10:15.2,02:07.2,3.93,00:00.0,0,32,358,7.9,0,171,---,---,---,---,---,---,---,---,---,52.2195263,0.1542467
1,2614.5,0,10:17.0,02:09.8,3.85,00:00.0,0,32,359,7.1,0,171,---,---,---,---,---,---,---,---,---,52.2194934,0.1541572
1,2621.7,0,10:18.8,02:09.1,3.87,00:00.0,0,32,360,7.1,0,171,---,---,---,---,---,---,---,---,---,52.2194589,0.1540688
1,2629.5,0,10:20.8,02:09.1,3.87,00:00.0,0,32,361,7.9,0,171,---,---,---,---,---,---,---,---,---,52.2194216,0.1539708
1,2636.2,0,10:22.6,02:07.2,3.93,00:00.0,0,30.5,362,6.6,0,171,---,---,---,---,---,---,---,---,---,52.2193907,0.1538876
1,2644.6,0,10:24.6,02:04.6,4.01,00:00.0,0,32,363,8.5,0,171,---,---,---,---,---,---,---,---,---,52.2193524,0.1537807
1,2651.7,0,10:26.4,02:07.2,3.93,00:00.0,0,30.5,364,7.1,0,171,---,---,---,---,---,---,---,---,---,52.2193197,0.1536912
1,2659.1,0,10:28.5,02:09.1,3.87,00:00.0,0,32,365,7.3,0,170,---,---,---,---,---,---,---,---,---,52.2192822,0.1536028
1,2666.9,0,10:30.2,02:05.0,4,00:00.0,0,32,366,7.9,0,170,---,---,---,---,---,---,---,---,---,52.2192447,0.1535046
1,2674.6,0,10:32.2,02:05.3,3.99,00:00.0,0,30.5,367,7.7,0,170,---,---,---,---,---,---,---,---,---,52.21921,0.1534076
1,2681.9,0,10:34.0,02:07.8,3.91,00:00.0,0,32,368,7.3,0,170,---,---,---,---,---,---,---,---,---,52.2191748,0.1533175
1,2689.8,0,10:36.0,02:06.2,3.96,00:00.0,0,32,369,8,0,170,---,---,---,---,---,---,---,---,---,52.2191343,0.1532214
1,2697.2,0,10:37.8,02:05.6,3.98,00:00.0,0,30.5,370,7.3,0,169,---,---,---,---,---,---,---,---,---,52.2190993,0.1531303
1,2705,0,10:39.8,02:05.3,3.99,00:00.0,0,32,371,7.8,0,169,---,---,---,---,---,---,---,---,---,52.2190629,0.1530319
1,2712.9,0,10:41.8,02:06.2,3.96,00:00.0,0,30.5,372,7.9,0,169,---,---,---,---,---,---,---,---,---,52.2190253,0.1529339
1,2720,0,10:43.7,02:05.3,3.99,00:00.0,0,30.5,373,7.1,0,169,---,---,---,---,---,---,---,---,---,52.2189975,0.1528394
1,2729,0,10:46.5,02:07.5,3.92,00:00.0,0,26.5,374,9,0,168,---,---,---,---,---,---,---,---,---,52.2189649,0.1527184
1,2737.9,0,10:49.0,02:22.4,3.51,00:00.0,0,20.5,375,8.9,0,168,---,---,---,---,---,---,---,---,---,52.2189311,0.1526008
1,2744.8,0,10:51.4,02:42.3,3.08,00:00.0,0,24,376,6.9,0,166,---,---,---,---,---,---,---,---,---,52.2189032,0.1525104
1,2752.2,0,10:54.2,02:56.6,2.83,00:00.0,0,22.5,377,7.4,0,164,---,---,---,---,---,---,---,---,---,52.2188754,0.1524114
1,2759.4,0,10:57.0,03:09.3,2.64,00:00.0,0,20.5,378,7.2,0,162,---,---,---,---,---,---,---,---,---,52.2188479,0.1523162
1,2766.9,0,11:00.0,03:17.6,2.53,00:00.0,0,20,379,7.5,0,159,---,---,---,---,---,---,---,---,---,52.2188169,0.1522184
1,2774.1,0,11:02.8,03:17.6,2.53,00:00.0,0,21,380,7.2,0,157,---,---,---,---,---,---,---,---,---,52.2187905,0.1521217
1,2781.3,0,11:05.6,03:16.0,2.55,00:00.0,0,21.5,381,7.1,0,154,---,---,---,---,---,---,---,---,---,52.2187718,0.1520215
1,2788.4,0,11:08.4,03:17.6,2.53,00:00.0,0,21.5,382,7.1,0,153,---,---,---,---,---,---,---,---,---,52.2187581,0.1519191
1,2796.2,0,11:11.4,03:15.3,2.56,00:00.0,0,20.5,383,7.8,0,150,---,---,---,---,---,---,---,---,---,52.2187415,0.1518078
1,2803.1,0,11:14.0,03:13.7,2.58,00:00.0,0,22.5,384,6.9,0,148,---,---,---,---,---,---,---,---,---,52.2187316,0.1517079
1,2825.1,0,11:25.8,04:24.5,1.89,00:00.0,0,14,385,22,0,104,---,---,---,---,---,---,---,---,---,52.2185926,0.1509065
1,2832,0,11:29.2,05:14.4,1.59,00:00.0,0,19,386,6.9,0,110,---,---,---,---,---,---,---,---,---,52.2185772,0.1508078
1,2839,0,11:32.2,03:51.4,2.16,00:00.0,0,19.5,387,7,0,112,---,---,---,---,---,---,---,---,---,52.2185659,0.1507075
1,2846.8,0,11:35.2,03:25.7,2.43,00:00.0,0,20,388,7.8,0,113,---,---,---,---,---,---,---,---,---,52.2185586,0.150593
1,2855.1,0,11:38.2,03:10.8,2.62,00:00.0,0,20.5,389,8.2,0,113,---,---,---,---,---,---,---,---,---,52.2185472,0.1504742
1,2863.1,0,11:41.0,03:01.8,2.75,00:00.0,0,20,390,8.1,0,114,---,---,---,---,---,---,---,---,---,52.2185323,0.1503582
1,2871.6,0,11:44.0,02:56.6,2.83,00:00.0,0,20.5,391,8.4,0,114,---,---,---,---,---,---,---,---,---,52.2185124,0.1502391
1,2880.2,0,11:47.0,02:54.2,2.87,00:00.0,0,20,392,8.6,0,114,---,---,---,---,---,---,---,---,---,52.2184804,0.1501238
1,2889.1,0,11:50.0,02:54.2,2.87,00:00.0,0,20,393,8.9,0,115,---,---,---,---,---,---,---,---,---,52.2184464,0.1500056
1,2898.3,0,11:53.2,02:52.4,2.9,00:00.0,0,19.5,394,9.3,0,114,---,---,---,---,---,---,---,---,---,52.2184082,0.1498852
1,2907.2,0,11:56.2,02:50.6,2.93,00:00.0,0,19.5,395,8.9,0,114,---,---,---,---,---,---,---,---,---,52.2183692,0.1497716
1,2916.6,0,11:59.4,02:50.6,2.93,00:00.0,0,19.5,396,9.4,0,116,---,---,---,---,---,---,---,---,---,52.2183314,0.1496482
1,2945.5,0,12:10.3,03:05.1,2.7,00:00.0,0,18.5,397,28.9,0,114,---,---,---,---,---,---,---,---,---,52.2182078,0.1492463
1,2959.2,0,12:15.4,03:15.3,2.56,00:00.0,0,12,398,13.7,0,114,---,---,---,---,---,---,---,---,---,52.2181639,0.1490586
1,2967.9,0,12:18.7,03:09.3,2.64,00:00.0,0,18,399,8.7,0,114,---,---,---,---,---,---,---,---,---,52.2181352,0.1489401
1,2995,0,12:29.4,03:21.6,2.48,00:00.0,0,21,400,27.1,0,113,---,---,---,---,---,---,---,---,---,52.2180398,0.1485423
1,3014,0,12:36.8,03:17.6,2.53,00:00.0,0,8,401,19,0,114,---,---,---,---,---,---,---,---,---,52.2180009,0.1482713
1,3022.3,0,12:40.0,03:14.5,2.57,00:00.0,0,18,402,8.3,0,114,---,---,---,---,---,---,---,---,---,52.2179823,0.1481532
1,3050,0,12:50.9,03:14.5,2.57,00:00.0,0,18,403,27.7,0,110,---,---,---,---,---,---,---,---,---,52.2178995,0.1477097
1,3075.6,0,13:03.1,10:41.0,0.78,00:00.0,0,13.5,404,25.6,0,89,---,---,---,---,---,---,---,---,---,52.2176972,0.1464827
1,3083.9,0,13:06.9,04:57.6,1.68,00:00.0,0,16.5,405,8.3,0,95,---,---,---,---,---,---,---,---,---,52.2176605,0.1463764
1,3093.1,0,13:10.5,03:37.3,2.3,00:00.0,0,16.5,406,9.2,0,104,---,---,---,---,---,---,---,---,---,52.2176178,0.1462608
1,3102.6,0,13:14.1,03:14.5,2.57,00:00.0,0,17,407,9.4,0,109,---,---,---,---,---,---,---,---,---,52.2175656,0.146152
1,3111.4,0,13:17.2,03:03.1,2.73,00:00.0,0,18,408,8.9,0,109,---,---,---,---,---,---,---,---,---,52.2175159,0.1460502
1,3121.4,0,13:20.7,02:57.9,2.81,00:00.0,0,17.5,409,9.9,0,109,---,---,---,---,---,---,---,---,---,52.2174566,0.1459416
1,3131.3,0,13:24.1,02:55.4,2.85,00:00.0,0,17,410,9.9,0,110,---,---,---,---,---,---,---,---,---,52.2173891,0.145846
1,3141.2,0,13:27.5,02:54.2,2.87,00:00.0,0,17.5,411,9.9,0,111,---,---,---,---,---,---,---,---,---,52.2173185,0.1457582
1,3151.2,0,13:30.9,02:52.4,2.9,00:00.0,0,17.5,412,10,0,111,---,---,---,---,---,---,---,---,---,52.2172409,0.145685
1,3160.8,0,13:34.3,02:52.4,2.9,00:00.0,0,17.5,413,9.6,0,112,---,---,---,---,---,---,---,---,---,52.2171621,0.1456276
1,3170.6,0,13:38.2,02:55.4,2.85,00:00.0,0,17,414,9.8,0,114,---,---,---,---,---,---,---,---,---,52.2170773,0.1455865
1,3198.5,0,13:49.4,03:24.9,2.44,00:00.0,0,15.5,415,27.9,0,108,---,---,---,---,---,---,---,---,---,52.2166831,0.1455024
1,3209.8,0,13:54.6,03:59.2,2.09,00:00.0,0,11.5,416,11.3,0,108,---,---,---,---,---,---,---,---,---,52.2165819,0.1454891
1,3217.8,0,13:58.2,03:50.4,2.17,00:00.0,0,17,417,8,0,109,---,---,---,---,---,---,---,---,---,52.2165104,0.1454814
1,3233.5,0,14:05.0,03:47.2,2.2,00:00.0,0,8.5,418,15.7,0,110,---,---,---,---,---,---,---,---,---,52.2163705,0.1454536
1,3242.3,0,14:08.6,03:43.2,2.24,00:00.0,0,18,419,8.8,0,112,---,---,---,---,---,---,---,---,---,52.2162927,0.1454324
1,3261.7,0,14:15.6,03:27.4,2.41,00:00.0,0,8.5,420,19.5,0,112,---,---,---,---,---,---,---,---,---,52.21612,0.145388
1,3270.5,0,14:18.8,03:18.4,2.52,00:00.0,0,18,421,8.8,0,113,---,---,---,---,---,---,---,---,---,52.2160429,0.1453606
1,3280.2,0,14:22.2,03:10.8,2.62,00:00.0,0,18,422,9.7,0,113,---,---,---,---,---,---,---,---,---,52.2159587,0.1453241
1,3290.3,0,14:25.6,02:59.8,2.78,00:00.0,0,18,423,10.1,0,114,---,---,---,---,---,---,---,---,---,52.2158691,0.145298
1,3300,0,14:28.8,02:57.3,2.82,00:00.0,0,17.5,424,9.6,0,115,---,---,---,---,---,---,---,---,---,52.2157832,0.1452808
1,3310.2,0,14:32.2,02:53.6,2.88,00:00.0,0,18.5,425,10.2,0,117,---,---,---,---,---,---,---,---,---,52.2156926,0.1452574
1,3319.7,0,14:35.7,02:53.0,2.89,00:00.0,0,18,426,9.5,0,119,---,---,---,---,---,---,---,---,---,52.2156082,0.1452384
1,3329.5,0,14:38.6,02:48.9,2.96,00:00.0,0,18.5,427,9.8,0,120,---,---,---,---,---,---,---,---,---,52.2155228,0.1452034
1,3339.5,0,14:42.0,02:47.2,2.99,00:00.0,0,18,428,10,0,122,---,---,---,---,---,---,---,---,---,52.2154391,0.1451489
1,3350.5,0,14:45.4,02:50.0,2.94,00:00.0,0,18.5,429,11,0,123,---,---,---,---,---,---,---,---,---,52.2153515,0.1450757
1,3360.8,0,14:48.6,02:47.2,2.99,00:00.0,0,18,430,10.3,0,124,---,---,---,---,---,---,---,---,---,52.2152739,0.1449934
1,3371.5,0,14:52.0,02:44.4,3.04,00:00.0,0,18,431,10.7,0,125,---,---,---,---,---,---,---,---,---,52.2151968,0.1448992
1,3382.7,0,14:55.4,02:41.2,3.1,00:00.0,0,18,432,11.2,0,126,---,---,---,---,---,---,---,---,---,52.2151164,0.1447995
1,3393.2,0,14:58.6,02:40.7,3.11,00:00.0,0,18,433,10.5,0,126,---,---,---,---,---,---,---,---,---,52.2150424,0.1447035
1,3404.2,0,15:02.0,02:42.3,3.08,00:00.0,0,18.5,434,10.9,0,128,---,---,---,---,---,---,---,---,---,52.2149666,0.1446014
1,3415.3,0,15:05.6,02:42.8,3.07,00:00.0,0,17.5,435,11.1,0,128,---,---,---,---,---,---,---,---,---,52.2148929,0.1444923
1,3425.2,0,15:08.6,02:40.7,3.11,00:00.0,0,18,436,9.9,0,129,---,---,---,---,---,---,---,---,---,52.2148298,0.1443901
1,3447.3,0,15:18.8,11:15.6,0.74,00:00.0,0,24.5,437,22.1,0,90,---,---,---,---,---,---,---,---,---,52.2142754,0.1435749
1,3449.7,0,15:20.0,06:15.9,1.33,00:00.0,0,33.5,438,2.4,0,91,---,---,---,---,---,---,---,---,---,52.2142547,0.143564
1,3458.2,0,15:23.7,04:12.5,1.98,00:00.0,0,16.5,439,8.5,0,98,---,---,---,---,---,---,---,---,---,52.2141829,0.1435228
1,3467.1,0,15:27.2,03:31.8,2.36,00:00.0,0,17.5,440,9,0,106,---,---,---,---,---,---,---,---,---,52.2141074,0.1434764
1,3476.9,0,15:30.8,03:07.2,2.67,00:00.0,0,17,441,9.8,0,107,---,---,---,---,---,---,---,---,---,52.2140269,0.1434187
1,3487.4,0,15:34.2,02:53.6,2.88,00:00.0,0,17,442,10.5,0,108,---,---,---,---,---,---,---,---,---,52.2139435,0.1433463
1,3498.1,0,15:37.5,02:45.0,3.03,00:00.0,0,18,443,10.7,0,110,---,---,---,---,---,---,---,---,---,52.2138585,0.1432737
1,3509.3,0,15:41.0,02:38.7,3.15,00:00.0,0,17.5,444,11.2,0,113,---,---,---,---,---,---,---,---,---,52.2137689,0.1432003
1,3519.9,0,15:44.3,02:36.7,3.19,00:00.0,0,17.5,445,10.6,0,114,---,---,---,---,---,---,---,---,---,52.213685,0.143126
1,3528.9,0,15:47.8,02:38.7,3.15,00:00.0,0,18,446,9,0,116,---,---,---,---,---,---,---,---,---,52.2136098,0.1430756
1,3538.9,0,15:50.9,02:48.9,2.96,00:00.0,0,17.5,447,10,0,117,---,---,---,---,---,---,---,---,---,52.2135263,0.1430214
1,3549.9,0,15:54.8,02:54.2,2.87,00:00.0,0,17.5,448,11,0,118,---,---,---,---,---,---,---,---,---,52.2134374,0.1429515
1,3559.8,0,15:57.8,02:47.7,2.98,00:00.0,0,17.5,449,9.9,0,119,---,---,---,---,---,---,---,---,---,52.213355,0.142898
1,3571.6,0,16:01.3,02:41.2,3.1,00:00.0,0,17.5,450,11.8,0,120,---,---,---,---,---,---,---,---,---,52.2132568,0.1428346
1,3582.3,0,16:04.8,02:40.2,3.12,00:00.0,0,17,451,10.7,0,121,---,---,---,---,---,---,---,---,---,52.2131674,0.1427763
1,3592.9,0,16:08.1,02:42.3,3.08,00:00.0,0,18,452,10.6,0,122,---,---,---,---,---,---,---,---,---,52.2130796,0.1427142
1,3603.7,0,16:11.5,02:42.3,3.08,00:00.0,0,17.5,453,10.8,0,123,---,---,---,---,---,---,---,---,---,52.2129906,0.1426528
1,3614.7,0,16:14.9,02:41.2,3.1,00:00.0,0,17,454,11,0,124,---,---,---,---,---,---,---,---,---,52.2128999,0.1425884
1,3625.8,0,16:18.8,02:41.8,3.09,00:00.0,0,17.5,455,11.1,0,125,---,---,---,---,---,---,---,---,---,52.2128077,0.142525
1,3635.4,0,16:21.8,02:43.9,3.05,00:00.0,0,17.5,456,9.5,0,126,---,---,---,---,---,---,---,---,---,52.2127294,0.1424677
1,3646.4,0,16:25.2,02:41.8,3.09,00:00.0,0,17.5,457,11,0,127,---,---,---,---,---,---,---,---,---,52.2126404,0.1423974
1,3657.1,0,16:28.5,02:41.2,3.1,00:00.0,0,18,458,10.7,0,128,---,---,---,---,---,---,---,---,---,52.2125536,0.1423306
1,3667.9,0,16:31.9,02:41.8,3.09,00:00.0,0,17.5,459,10.8,0,129,---,---,---,---,---,---,---,---,---,52.2124653,0.1422649
1,3678.7,0,16:35.4,02:41.2,3.1,00:00.0,0,18,460,10.8,0,130,---,---,---,---,---,---,---,---,---,52.2123788,0.1421918
1,3689.4,0,16:38.8,02:40.7,3.11,00:00.0,0,18,461,10.6,0,130,---,---,---,---,---,---,---,---,---,52.2122963,0.1421134
1,3699.6,0,16:42.0,02:41.2,3.1,00:00.0,0,17.5,462,10.2,0,131,---,---,---,---,---,---,---,---,---,52.2122232,0.142022
1,3710.7,0,16:45.4,02:41.2,3.1,00:00.0,0,18,463,11.1,0,131,---,---,---,---,---,---,---,---,---,52.2121478,0.1419144
1,3721.3,0,16:48.8,02:39.7,3.13,00:00.0,0,17.5,464,10.5,0,132,---,---,---,---,---,---,---,---,---,52.2120807,0.1418058
1,3732.8,0,16:52.2,02:36.7,3.19,00:00.0,0,18,465,11.6,0,133,---,---,---,---,---,---,---,---,---,52.2120073,0.1416857
1,3743.3,0,16:55.4,02:34.3,3.24,00:00.0,0,18.5,466,10.5,0,134,---,---,---,---,---,---,---,---,---,52.2119413,0.1415762
1,3754.1,0,16:58.8,02:35.7,3.21,00:00.0,0,18,467,10.8,0,135,---,---,---,---,---,---,---,---,---,52.2118728,0.141464
1,3765,0,17:02.1,02:36.7,3.19,00:00.0,0,18,468,10.9,0,136,---,---,---,---,---,---,---,---,---,52.2118014,0.1413554
1,3775.4,0,17:05.4,02:37.2,3.18,00:00.0,0,18,469,10.4,0,136,---,---,---,---,---,---,---,---,---,52.2117421,0.141238
1,3786.2,0,17:08.7,02:38.2,3.16,00:00.0,0,17.5,470,10.8,0,136,---,---,---,---,---,---,---,---,---,52.2116806,0.1411152
1,3796.4,0,17:12.0,02:38.7,3.15,00:00.0,0,18.5,471,10.2,0,135,---,---,---,---,---,---,---,---,---,52.2116245,0.1409962
1,3807.4,0,17:15.3,02:38.2,3.16,00:00.0,0,18,472,11,0,135,---,---,---,---,---,---,---,---,---,52.2115663,0.1408665
1,3818.2,0,17:18.8,02:35.2,3.22,00:00.0,0,18,473,10.8,0,134,---,---,---,---,---,---,---,---,---,52.2115128,0.1407342
1,3829.3,0,17:22.0,02:31.9,3.29,00:00.0,0,18,474,11.1,0,133,---,---,---,---,---,---,---,---,---,52.2114643,0.1405926
1,3840.4,0,17:25.4,02:30.6,3.32,00:00.0,0,18.5,475,11.1,0,134,---,---,---,---,---,---,---,---,---,52.2114199,0.1404468
1,3851.4,0,17:28.8,02:33.3,3.26,00:00.0,0,17,476,11,0,135,---,---,---,---,---,---,---,---,---,52.2113786,0.1403003
1,3862.3,0,17:32.2,02:35.7,3.21,00:00.0,0,18,477,10.9,0,135,---,---,---,---,---,---,---,---,---,52.2113411,0.1401527
1,3872.4,0,17:35.4,02:36.7,3.19,00:00.0,0,18,478,10.2,0,136,---,---,---,---,---,---,---,---,---,52.2113089,0.1400133
1,3883.1,0,17:38.8,02:38.7,3.15,00:00.0,0,18,479,10.7,0,136,---,---,---,---,---,---,---,---,---,52.211279,0.1398641
1,3893.7,0,17:42.2,02:39.7,3.13,00:00.0,0,17.5,480,10.6,0,137,---,---,---,---,---,---,---,---,---,52.2112525,0.1397151
1,3904.3,0,17:45.8,02:40.2,3.12,00:00.0,0,18,481,10.6,0,137,---,---,---,---,---,---,---,---,---,52.2112298,0.1395638
1,3914.6,0,17:48.9,02:39.2,3.14,00:00.0,0,17.5,482,10.2,0,137,---,---,---,---,---,---,---,---,---,52.2112111,0.1394173
1,3925.4,0,17:52.4,02:39.2,3.14,00:00.0,0,17.5,483,10.8,0,137,---,---,---,---,---,---,---,---,---,52.2112057,0.1392585
1,3935.6,0,17:55.8,02:43.3,3.06,00:00.0,0,18,484,10.2,0,137,---,---,---,---,---,---,---,---,---,52.2112043,0.1391087
1,3945.2,0,17:58.9,02:46.1,3.01,00:00.0,0,18.5,485,9.5,0,137,---,---,---,---,---,---,---,---,---,52.211207,0.1389688
1,3956.1,0,18:02.4,02:44.4,3.04,00:00.0,0,18,486,10.9,0,136,---,---,---,---,---,---,---,---,---,52.2112195,0.1388101
1,3966.6,0,18:05.5,02:39.2,3.14,00:00.0,0,18,487,10.5,0,135,---,---,---,---,---,---,---,---,---,52.2112313,0.1386572
1,3977.6,0,18:09.0,02:34.7,3.23,00:00.0,0,18.5,488,11,0,135,---,---,---,---,---,---,---,---,---,52.2112472,0.1384978
1,3988.3,0,18:12.2,02:34.7,3.23,00:00.0,0,18,489,10.6,0,134,---,---,---,---,---,---,---,---,---,52.2112611,0.1383435
1,3999.6,0,18:15.8,02:34.3,3.24,00:00.0,0,18,490,11.3,0,135,---,---,---,---,---,---,---,---,---,52.2112729,0.1381789
1,4009.6,0,18:18.8,02:33.3,3.26,00:00.0,0,17.5,491,10,0,135,---,---,---,---,---,---,---,---,---,52.2112863,0.1380333
1,4021.4,0,18:22.4,02:33.3,3.26,00:00.0,0,18,492,11.8,0,135,---,---,---,---,---,---,---,---,---,52.2112988,0.1378609
1,4031.6,0,18:25.6,02:35.7,3.21,00:00.0,0,17.5,493,10.1,0,135,---,---,---,---,---,---,---,---,---,52.2113026,0.1377123
1,4041.9,0,18:29.0,02:40.7,3.11,00:00.0,0,18,494,10.4,0,135,---,---,---,---,---,---,---,---,---,52.2113,0.1375606
1,4052.4,0,18:32.4,02:42.3,3.08,00:00.0,0,18,495,10.4,0,135,---,---,---,---,---,---,---,---,---,52.2112849,0.1374099
1,4063.3,0,18:35.8,02:38.7,3.15,00:00.0,0,18,496,10.9,0,135,---,---,---,---,---,---,---,---,---,52.2112588,0.1372555
1,4073.7,0,18:39.0,02:35.2,3.22,00:00.0,0,17.5,497,10.4,0,135,---,---,---,---,---,---,---,---,---,52.2112284,0.1371115
1,4084.8,0,18:42.4,02:35.2,3.22,00:00.0,0,18.5,498,11.1,0,136,---,---,---,---,---,---,---,---,---,52.2111889,0.1369623
1,4095.7,0,18:45.8,02:30.6,3.32,00:00.0,0,18.5,499,10.9,0,135,---,---,---,---,---,---,---,---,---,52.2111669,0.1368068
1,4106,0,18:48.8,02:27.9,3.38,00:00.0,0,19,500,10.3,0,135,---,---,---,---,---,---,---,---,---,52.2111278,0.1366717
1,4116.3,0,18:52.0,02:36.7,3.19,00:00.0,0,18,501,10.4,0,135,---,---,---,---,---,---,---,---,---,52.2110808,0.1365415
1,4141.2,0,19:02.2,04:27.3,1.87,00:00.0,0,24.5,502,24.8,0,108,---,---,---,---,---,---,---,---,---,52.2107743,0.1361434
1,4143.7,0,19:03.6,06:02.3,1.38,00:00.0,0,32,503,2.5,0,109,---,---,---,---,---,---,---,---,---,52.2107643,0.136111
1,4152.1,0,19:07.6,04:08.7,2.01,00:00.0,0,15.5,504,8.4,0,111,---,---,---,---,---,---,---,---,---,52.2107283,0.1360021
1,4161.9,0,19:11.2,03:32.7,2.35,00:00.0,0,16.5,505,9.8,0,115,---,---,---,---,---,---,---,---,---,52.2106859,0.1358766
1,4171.8,0,19:14.9,03:05.8,2.69,00:00.0,0,16.5,506,9.9,0,116,---,---,---,---,---,---,---,---,---,52.2106484,0.1357449
1,4182.6,0,19:18.2,02:51.2,2.92,00:00.0,0,17,507,10.8,0,117,---,---,---,---,---,---,---,---,---,52.210608,0.1356011
1,4193.8,0,19:21.8,02:41.8,3.09,00:00.0,0,17,508,11.2,0,118,---,---,---,---,---,---,---,---,---,52.2105721,0.1354477
1,4204.4,0,19:25.2,02:38.7,3.15,00:00.0,0,17,509,10.6,0,118,---,---,---,---,---,---,---,---,---,52.2105441,0.1352993
1,4215.1,0,19:28.6,02:38.2,3.16,00:00.0,0,18,510,10.8,0,118,---,---,---,---,---,---,---,---,---,52.2105169,0.1351481
1,4226.2,0,19:32.2,02:38.7,3.15,00:00.0,0,17.5,511,11.1,0,119,---,---,---,---,---,---,---,---,---,52.2104925,0.1349907
1,4235.8,0,19:35.4,02:43.9,3.05,00:00.0,0,17.5,512,9.6,0,120,---,---,---,---,---,---,---,---,---,52.2104781,0.1348514
1,4244.8,0,19:38.9,02:53.6,2.88,00:00.0,0,18.5,513,9,0,121,---,---,---,---,---,---,---,---,---,52.2104619,0.1347225
1,4267.6,0,19:48.2,03:34.5,2.33,00:00.0,0,33,514,22.8,0,119,---,---,---,---,---,---,---,---,---,52.2104414,0.1342323
1,4270.6,0,19:49.2,03:49.3,2.18,00:00.0,0,33.5,515,3,0,119,---,---,---,---,---,---,---,---,---,52.2104418,0.1341886
1,4280.1,0,19:52.8,03:14.5,2.57,00:00.0,0,17.5,516,9.5,0,117,---,---,---,---,---,---,---,---,---,52.2104466,0.1340494
1,4289.9,0,19:56.2,03:02.4,2.74,00:00.0,0,17.5,517,9.8,0,117,---,---,---,---,---,---,---,---,---,52.2104499,0.1339065
1,4300.1,0,19:59.6,02:51.2,2.92,00:00.0,0,18.5,518,10.2,0,118,---,---,---,---,---,---,---,---,---,52.2104495,0.1337563
1,4310.1,0,20:02.8,02:44.4,3.04,00:00.0,0,18,519,10,0,119,---,---,---,---,---,---,---,---,---,52.2104489,0.133609
1,4320.5,0,20:06.2,02:40.7,3.11,00:00.0,0,18.5,520,10.4,0,119,---,---,---,---,---,---,---,---,---,52.2104518,0.1334571
1,4341.9,0,20:15.3,15:45.4,0.11,00:00.0,0,38.5,521,21.4,0,96,---,---,---,---,---,---,---,---,---,52.2105935,0.1325989
1,4342.2,0,20:19.1,59:02.8,0.07,00:00.0,0,12.5,522,0.3,0,95,---,---,---,---,---,---,---,---,---,52.210596,0.132598
1,4342.2,0,20:19.7,18:53.3,0.06,00:00.0,0,75,523,0.1,0,95,---,---,---,---,---,---,---,---,---,52.2105964,0.1325972
1,4342.4,0,20:21.5,09:26.6,0.12,00:00.0,0,50.5,524,0.1,0,95,---,---,---,---,---,---,---,---,---,52.2105958,0.1326001
1,4342.4,0,20:22.3,55:33.3,0.15,00:00.0,0,75.5,525,0,0,95,---,---,---,---,---,---,---,---,---,52.2105961,0.1326012
1,4342.4,0,20:23.1,59:31.4,0.14,00:00.0,0,63.5,526,0,0,95,---,---,---,---,---,---,---,---,---,52.2105948,0.1326022
